Valuta,alfa,live,hot,Summa
USDT,0.00776649,0.00299245,1556.04127111,1556.05203005
BTC,0.02833667,0.0535784,0.00677861,0.08869368000000001
USD,0.0,1.54985228,0.0,1.54985228
PZM,0.41641544,0.00978658,59053.003238100006,59053.42944012
ETH,0.01044852,0.0,0.00080888,0.011257399999999999
USDT + USD,0.00776649,1.5528447300000001,1556.04127111,1557.60188233
