Valuta,alfa,live,hot,Summa
USDT,0.10126288,0.00299245,83.94128693,84.04554226
BTC,0.073391,2.3e-07,0.00474586,0.07813709
USD,2.05003321,1586.06238779,0.0,1588.112421
PZM,13823.08931965,1094.5707364,36082.453238099995,51000.11329415
ETH,0.00048856,0.0,0.00080888,0.00129744
USDT + USD,2.15129609,1586.06538024,83.94128693,1672.1579632599999
