Valuta,alfa,live,hot,Summa
USDT,0.10126288,0.00299245,131.39855794,131.50281327
BTC,0.07627990999999999,0.00179211,3.136e-05,0.07810337999999999
USD,1.27210204,1555.38287247,0.0,1556.6549745099999
PZM,15047.52928145,0.00015466,35952.7932381,51000.32267421
ETH,0.00048856,0.0,0.00080888,0.00129744
