,Valuta,alfa,hot,live,Summa
0,KTETH,0.0,0.0,10.18294411,10.18294411
1,USDT,0.018126669999999998,0.0245118,0.00299245,0.04563092
2,BTC,0.04102037,0.00221302,0.03433101,0.07756439999999999
3,USD,1369.16942854,0.0,240.42999411,1609.59942265
4,PZM,5144.86013914,45502.3932381,407.32468,51054.578057239996
5,XRP,0.0,0.0,0.0,0.0
6,LTC,0.0,0.0,0.0,0.0
7,ZEC,0.0,0.0,0.0,0.0
8,ETH,0.02048856,0.00080888,0.0,0.02129744
9,XLM,0.0,0.0,0.0,0.0
10,USDTd,0.0,0.0,0.0,0.0
11,BTCd,0.0,0.0,0.0,0.0
