Valuta,alfa,live,hot,Summa
USDT,0.018126669999999998,0.00299245,138.23865376,138.25977288
BTC,0.05968161,0.01246992,0.00213942,0.07429095000000001
USD,1378.82808065,0.0013116,0.0,1378.82939225
PZM,22.78289326,1492.2048,50.6032381,1565.59093136
ETH,0.02048856,0.0,0.00080888,0.02129744
