,Valuta,alfa,live,hot,Summa
0,KTETH,0.0,10.18294411,0.0,10.18294411
1,USDT,0.018126669999999998,0.00299245,8.944198199999999,8.965317319999999
2,BTC,0.04102037,0.0351532,0.00140315,0.07757672
3,USD,1408.05785844,201.66480614,0.0,1609.7226645800001
4,PZM,170.19999999999982,47.7,45467.6032381,45685.5032381
5,XRP,0.0,0.0,0.0,0.0
6,LTC,0.0,0.0,0.0,0.0
7,ZEC,0.0,0.0,0.0,0.0
8,ETH,0.02048856,0.0,0.00080888,0.02129744
9,XLM,0.0,0.0,0.0,0.0
10,USDTd,0.0,0.0,0.0,0.0
11,BTCd,0.0,0.0,0.0,0.0
